ID,Plz,Ort,Bundesland,Energieträger,Technologie,Engpassleistung (kW <sub>el</sub>),Eingespeister Strom (kWh) 2026,Eingespeister Strom (kWh) 2025,Eingespeister Strom (kWh) 2024,Eingespeister Strom (kWh) 2023,Eingespeister Strom (kWh) 2022,Eingespeister Strom (kWh) 2021
6,7540,Güssing,B,,Biogas,500,1145042,3380742,3567468,2514775,1883177,3380392
39,7553,Bocksdorf,B,,Biogas,500,1475314,4277298,4223823,4295237,4249641,4031392
58,7535,Sankt Michael im Burgenland,B,,Biogas,250,646003,1971159,1908594,1694543,2143959,2095054
60,7501,Rotenturm an der Pinka,B,,Biogas,270,32543,100627,66176,19827,0,0
79,7350,Oberpullendorf,B,,Biogas,70,5026,16763,9909,1998,0,0
131,7544,Tobaj,B,,Biogas,250,607063,1923312,1840050,1808223,2161720,2149473
141,7374,Weingraben,B,,Biogas,250,620256,2181734,2095470,2172041,2264030,2170707
186,7423,Pinkafeld,B,,Biogas,500,0,471108,4230567,4222576,4147418,4370101
230,7025,Pöttelsdorf,B,,Biogas,250,719112,2169696,2184809,3014809,2969383,2948040
232,7411,Markt Allhau,B,,Biogas,500,866822,4251173,4289989,2918609,3574657,3450626
260,7412,Wolfau,B,,Biogas,500,862748,2207135,2299904,3187655,2448149,2156322
271,7051,Großhöflein,B,,Deponiegas,400,0,0,0,0,0,0
288,7471,Rechnitz,B,,Biogas,500,1494033,4405988,4666538,4855052,3999782,3972334
318,7431,Bad Tatzmannsdorf,B,,Biogas,400,86802,112323,109851,44687,0,0
324,7025,Pöttelsdorf,B,,Biogas,250,720305,2169050,2153442,2993748,2966370,2894431
332,7372,Draßmarkt,B,,Biogas,105,0,0,0,0,0,0
337,7341,Markt Sankt Martin,B,,Biogas,1.7,401,2437,2440,268404,0,0
340,7025,Pöttelsdorf,B,,Biogas,250,712044,2154020,2144871,2151945,2168475,2109396
372,2474,Gattendorf,B,,Biogas,12,0,0,0,0,0,0
398,7423,Pinkafeld,B,,Biogas,500,0,281267,4067741,3781595,4126148,4202370
402,7522,Strem,B,,Biogas,500,1278904,3454365,3050981,3526074,2681123,3310719
411,7544,Tobaj,B,,Biogas,500,790580,2302559,2769722,3699893,2780388,1924917
414,7025,Pöttelsdorf,B,,Biogas,30,0,0,0,0,0,0
439,2473,Deutsch-Haslau,B,,Biogas,500,0,0,0,0,0,0
447,7302,Kroatisch Minihof,B,,Biogas,19.76,825,5637,5810,67,0,0
476,7561,Heiligenkreuz im Lafnitztal,B,,Biogas,1000,1708790,6754286,6681320,7424280,7680242,8220329
480,7042,Antau,B,,Biogas,45,26,1638,4373,6604,9296,33287
524,7561,Heiligenkreuz im Lafnitztal,B,,Biogas,195,2942,1234,0,0,0,0
542,7441,Pilgersdorf,B,,Biogas,500,1466592,4423662,4451967,4599407,4625023,4358117
8,9811,Lendorf,K,,Biogas,22,1486,4336,5760,1029,13187,29486
12,9800,Baldramsdorf,K,,Deponiegas,40,9018,31580,45721,30909,24921,16540
29,9113,Ruden,K,,Biogas,18.5,5417,22295,15958,34851,20647,31853
31,9065,Ebenthal in Kärnten,K,,Biogas,250,0,0,0,0,0,0
49,9100,Völkermarkt,K,,Biogas,30,10210,59826,120776,179491,8855,22777
77,9500,Villach,K,,Klärgas,530,0,0,0,0,0,67620
87,9150,Bleiburg,K,,Biogas,317,435972,1278623,1278227,1218180,1411760,1290289
98,9546,Bad Kleinkirchheim,K,,Biogas,30,0,0,0,0,0,0
111,9102,Völkermarkt,K,,Biogas,100,289343,851672,846834,862094,866867,862028
159,9150,Bleiburg,K,,Biogas,150,484730,1582166,1648655,1769337,1499580,1253276
163,9100,Völkermarkt,K,,Biogas,30,0,0,0,0,0,0
170,9560,Feldkirchen in Kärnten,K,,Klärgas,196,16458,50961,30494,22612,33655,35458
189,9314,St. Georgen am Längsee,K,,Biogas,637,1735960,5180345,5126058,5233813,5383340,5245436
200,9122,St.Kanzian am Klopeiner See,K,,Biogas,37,0,0,0,0,0,0
220,9800,Spittal an der Drau,K,,Klärgas,536,53340,230920,143735,56795,35880,40650
223,9640,Kötschach-Mauthen,K,,Biogas,500,0,0,0,0,0,0
233,9170,Ferlach,K,,Biogas,200,0,0,7730,0,0,0
261,9150,Bleiburg,K,,Biogas,100,229651,641215,646077,636577,781460,816507
272,9150,Bleiburg,K,,Biogas,500,764856,2697693,2069608,2516925,3183462,2973213
286,9473,Lavamünd,K,,Biogas,98,0,0,0,0,0,0
298,9330,Mölbling,K,,Biogas,250,0,0,0,0,0,0
306,9853,Malta,K,,Biogas,30,0,0,0,0,3902,14464
323,9113,Ruden,K,,Biogas,500,1447518,4420838,4381594,4156835,4361007,4350630
349,9072,Ludmannsdorf,K,,Biogas,250,635445,1880401,247408,345419,9987,627116
350,9100,Völkermarkt,K,,Biogas,50,0,0,0,0,18103,221154
377,9020,Klagenfurt am Wörthersee,K,,Klärgas,650,12113,60988,32954,75254,199577,102139
378,9150,Bleiburg,K,,Biogas,500,1357826,4189616,4245791,4274019,4282001,4243383
385,9321,Kappel am Krappfeld,K,,Biogas,250,0,0,0,0,0,0
391,9063,Maria Saal,K,,Biogas,100,0,0,0,0,2138,463383
393,9640,Kötschach-Mauthen,K,,Biogas,330,0,0,0,0,0,0
407,9500,Villach,K,,Biogas,80,45776,230725,189277,260512,533300,136503
412,9546,Bad Kleinkirchheim,K,,Biogas,27,22,5,50,2,16,1
423,9100,Völkermarkt,K,,Biogas,22,0,0,0,0,0,0
429,9762,Weißensee,K,,Biogas,18,0,27,4666,18467,2031,4975
445,9555,Glanegg,K,,Biogas,30,430,1779,26872,70861,7560,12673
446,9611,Nötsch im Gailtal,K,,Biogas,250,664003,1914368,1858933,1709713,1976665,1697150
464,9313,St. Georgen am Längsee,K,,Biogas,30,0,0,0,0,0,0
483,9100,Völkermarkt,K,,Biogas,100,264435,794735,821311,863048,837423,666815
490,9781,Irschen,K,,Biogas,25,1220,13220,9523,19152,12750,13387
500,9020,Klagenfurt am Wörthersee,K,,Deponiegas,960,0,0,0,0,0,0
505,9342,Gurk,K,,Biogas,124,93498,546103,768509,667283,893315,954466
510,9500,Villach,K,,Klärgas,1001.04,5846,23258,68790,67561,75088,2798
514,9555,Glanegg,K,,Biogas,250,0,0,0,0,0,0
530,9300,St. Veit an der Glan,K,,Biogas,1048,0,0,0,0,0,0
4,2022,Wullersdorf,NO,,Biogas,250,0,0,0,0,0,0
10,3071,Böheimkirchen,NO,,Biogas,400,924999,2854196,2846008,871796,573941,1407066
11,4482,Ennsdorf,NO,,Biogas,1054,104143,491443,456147,49009,0,0
17,2295,Weiden an der March,NO,,Biogas,75,173862,179702,0,176805,296209,320631
20,3383,Hürm,NO,,Biogas,618,1711437,5176947,5115242,5199871,5111023,5206089
21,2821,Lanzenkirchen,NO,,Biogas,330,683420,1697497,1679924,21849,1188269,0
24,3844,Waldkirchen an der Thaya,NO,,Biogas,150,510582,1526773,1548139,1497548,1527949,1456736
25,3763,Japons,NO,,Biogas,625,1556014,4854824,5082818,5135108,5353105,4954803
26,2102,Flandorf,NO,,Biogas,125,363723,1084929,1090875,1083023,1075525,1082686
32,3383,Hürm,NO,,Biogas,200,492843,1560386,1509479,1563661,1542989,1543686
33,3232,Bischofstetten,NO,,Biogas,260,0,0,0,0,0,0
37,3571,Gars am Kamp,NO,,Biogas,500,1370210,4312657,4273904,4363453,4343604,4357406
41,3730,Eggenburg,NO,,Biogas,1000,144305,2434485,1799650,2275454,4284154,3631051
43,3071,Böheimkirchen,NO,,Biogas,628,1162923,3554839,3489118,1034957,0,0
44,3073,Stössing,NO,,Biogas,750,1088442,2832971,4191878,5219612,5147373,1310768
50,3300,Amstetten,NO,,Klärgas,69,0,0,0,0,0,0
52,2320,Mannswörth,NO,,Klärgas,311,0,0,0,89516,336808,0
59,2412,Wolfsthal,NO,,Biogas,500,0,0,0,0,0,0
61,3311,Zeillern,NO,,Biogas,158,408159,1209572,1218371,1174330,1197788,1171957
62,3241,Kirnberg an der Mank,NO,,Biogas,250,708367,2098663,2090467,2127975,2113145,1960649
63,3454,Sitzenberg-Reidling,NO,,Biogas,500,1388363,4189474,4024741,4008712,4009167,4148245
64,2003,Leitzersdorf,NO,,Biogas,100,233588,689595,799036,730503,900678,802854
72,2842,Thomasberg,NO,,Biogas,150,300593,950686,977219,950930,924909,946046
81,2493,Lichtenwörth,NO,,Biogas,499,16406,950440,1604555,3079659,3871542,3433252
82,2095,Drosendorf-Zissersdorf,NO,,Biogas,124,299063,903320,916203,915950,877797,792174
89,3252,Petzenkirchen,NO,,Biogas,99.5,11667,356352,421882,421197,581858,471710
92,3451,Michelhausen,NO,,Klärgas,75,1441,37627,44222,48791,44175,44839
94,3752,Sigmundsherberg,NO,,Biogas,625,1710442,5192472,5343670,5564501,5348596,5236488
95,2201,Hagenbrunn,NO,,Biogas,1320,1927868,5904834,5947631,5077467,6219375,5299759
96,2241,Schönkirchen-Reyersdorf,NO,,Biogas,330,0,0,0,0,0,0
99,3851,Kautzen,NO,,Biogas,150,512348,1556186,1551966,1489952,1525976,1499602
107,2381,Laab im Walde,NO,,Biogas,500,0,0,0,0,0,0
108,3631,Ottenschlag,NO,,Biogas,100,0,0,0,0,0,0
112,2851,Krumbach,NO,,Biogas,130,242273,865333,924931,889955,959621,930748
113,3623,Kottes-Purk,NO,,Biogas,18.5,528,4305,37557,43091,56798,57300
115,3300,Amstetten,NO,,Biogas,330,947832,2796624,2753401,0,943772,2814037
117,3664,Martinsberg,NO,,Biogas,100,261350,776492,711179,719860,755665,703154
122,3822,Karlstein an der Thaya,NO,,Biogas,829,1965506,5738502,6145048,6560413,6968395,5242000
129,2823,Pitten,NO,,Biogas,14000,1687995,2033005,0,0,0,0
135,2095,Drosendorf-Zissersdorf,NO,,Biogas,500,1417057,4254485,4202942,3925055,4420744,4369834
136,2813,Lichtenegg,NO,,Biogas,1050,1640920,4966813,4978964,5878586,5655284,4302226
146,2493,Lichtenwörth,NO,,Klärgas,249,0,0,0,0,0,0
154,3383,Hürm,NO,,Biogas,150,241337,1116210,1082030,1162836,264646,0
155,2482,Münchendorf,NO,,Biogas,198,0,0,88971,210315,569826,850542
165,3233,Kilb,NO,,Biogas,550,1557983,4612403,4572020,4505982,4757809,4577795
168,3912,Grafenschlag,NO,,Biogas,124,332001,932039,962260,927242,987437,850145
169,2042,Grabern,NO,,Biogas,130,346144,904776,937315,1028245,938043,974166
177,2471,Hollern,NO,,Biogas,500,0,0,0,0,0,0
183,3353,Seitenstetten,NO,,Biogas,150,379724,1190210,1306125,1343155,1371712,1368735
184,3281,Oberndorf an der Melk,NO,,Biogas,250,404308,1253653,1302571,1138914,1212125,1083177
187,3920,Arbesbach,NO,,Biogas,100,273511,826662,757887,604690,785993,698695
190,2020,Hollabrunn,NO,,Biogas,384,0,0,0,0,0,0
191,2821,Lanzenkirchen,NO,,Biogas,170,451997,1298756,93188,839773,202533,1352917
192,4441,Behamberg,NO,,Biogas,300,765853,726641,0,549325,1201461,2195269
196,2840,Grimmenstein,NO,,Biogas,65,53377,149329,160037,173963,154033,163145
208,2813,Lichtenegg,NO,,Biogas,330,686825,2000186,1610066,1499626,1795431,1607156
209,3380,Pöchlarn,NO,,Biogas,500,1373896,4110427,4137949,3999701,3515272,4221542
213,2070,Retz,NO,,Biogas,500,1422767,4179228,4315060,4172497,4407329,4240714
221,3386,Hafnerbach,NO,,Klärgas,80,1784,26260,20140,23282,21221,6732
226,3860,Heidenreichstein,NO,,Biogas,167,337953,982608,1085294,970671,957821,872298
231,3711,Großmeiseldorf,NO,,Biogas,500,1399358,2496599,4336902,3722562,4433603,4233008
235,3820,Raabs an der Thaya,NO,,Biogas,500,1097686,3187837,3168783,3178314,3688363,2240827
237,3313,Wallsee-Sindelburg,NO,,Biogas,500,1750781,5405078,4096934,5223280,5343597,5109257
238,4441,Behamberg,NO,,Biogas,290,829696,2504249,2345374,2143719,2054119,2026200
241,3521,Weinzierl am Walde,NO,,Biogas,100,0,0,242066,711980,840388,815104
246,2000,Stockerau,NO,,Biogas,625,1739891,5332379,5179646,5328320,5316821,4658733
247,3300,Amstetten,NO,,Klärgas,480,139309,454283,365883,188859,563578,492992
250,2011,Sierndorf,NO,,Biogas,500,1386995,4288414,4225229,4041584,4287737,4161536
256,2230,Gänserndorf,NO,,Biogas,500,0,0,0,0,0,0
277,2842,Edlitz,NO,,Biogas,75,212626,965114,1034799,1105374,979228,991463
278,2412,Wolfsthal,NO,,Biogas,500,0,0,0,0,0,0
281,3100,St. Pölten,NO,,Deponiegas,390,0,0,0,0,0,0
287,3430,Tulln an der Donau,NO,,Biogas,124,4,97,7,2,0,0
290,3340,Waidhofen an der Ybbs,NO,,Biogas,45,0,16573,5471,5436,12919,2716
291,3714,Sitzendorf an der Schmida,NO,,Biogas,130,352875,1035847,1077131,665551,763778,815060
292,2020,Hollabrunn,NO,,Biogas,836,1472,7169,5697,3468,9597,8356
302,3240,Mank,NO,,Biogas,500,0,0,0,0,0,0
304,3711,Großmeiseldorf,NO,,Biogas,500,1381359,4369956,4189267,4307390,4491237,4151682
307,4300,St. Valentin,NO,,Klärgas,30,304,1071,707,181,0,0
312,2401,Fischamend,NO,,Deponiegas,218,0,0,0,0,0,0
321,2042,Grabern,NO,,Biogas,439,1874792,5116471,5151832,5054017,4493302,4184997
326,2000,Stockerau,NO,,Biogas,500,1746101,5202422,4776155,4920550,4370072,3802746
333,3800,Göpfritz an der Wild,NO,,Biogas,500,1376974,4270352,4356678,4484668,4955126,4415246
342,3434,Tulbing,NO,,Biogas,400,705105,2157045,2473059,3356938,3211461,2921515
348,2433,Margarethen am Moos,NO,,Biogas,890,2200268,5897235,4415322,2921557,1843431,3347615
362,2070,Retz,NO,,Biogas,500,1398525,4286337,4353344,4201076,4322107,4130915
366,2064,Laa an der Thaya,NO,,Biogas,150,424575,1295397,1265752,1225910,1207405,934599
367,2282,Markgrafneusiedl,NO,,Biogas,616,1378094,4106088,3402637,969409,0,0
368,3311,Zeillern,NO,,Biogas,355,674684,1909794,1883286,1794744,2112011,1717043
369,3500,Krems an der Donau,NO,,Biogas,380,107637,172411,75801,36977,0,0
373,3683,Yspertal,NO,,Biogas,15,0,905,3912,12446,16110,17645
388,3133,Traismauer,NO,,Klärgas,689,162719,655744,525507,530756,206680,219372
389,3711,Großmeiseldorf,NO,,Biogas,500,1389506,4360912,4237877,3989336,4456800,4122937
392,2304,Orth an der Donau,NO,,Biogas,1000,2783540,8548833,8469127,8420564,8593922,8462157
395,4441,Behamberg,NO,,Biogas,35,81717,286343,287930,279680,249137,9592
399,3100,St. Pölten,NO,,Biogas,100,212039,622168,614747,567322,711406,558771
400,3241,Kirnberg an der Mank,NO,,Biogas,250,682281,2007824,2035345,2068797,2104268,2039745
404,3123,Obritzberg,NO,,Biogas,85,0,0,0,0,0,0
409,2460,Bruck an der Leitha,NO,,Biogas,1672,289522,667976,177319,1798729,302356,707
417,3830,Waidhofen an der Thaya,NO,,Biogas,500,974460,4327853,4043956,4214131,3948813,3660555
421,3910,Zwettl,NO,,Klärgas,48,706,63885,107253,26223,10398,6577
431,3361,Aschbach-Markt,NO,,Klärgas,28,1345,40,0,0,0,0
432,3903,Echsenbach,NO,,Biogas,500,1397784,4137748,4264759,4189897,4478987,4176905
433,2813,Lichtenegg,NO,,Biogas,250,727712,2211946,2190551,2195637,2205350,2149587
437,2471,Parndorf,NO,,Biogas,500,0,2511753,2942773,763010,3550447,2771342
438,2000,Stockerau,NO,,Klärgas,250,205,197,432,0,0,0
451,3300,Amstetten,NO,,Biogas,150,254840,505732,731085,0,188723,768159
455,3900,Schwarzenau,NO,,Biogas,210,570554,1755567,1732304,1838445,1713694,1721117
463,2070,Retz,NO,,Biogas,500,1424066,4248695,4065297,4215614,4429297,3909784
466,3454,Sitzenberg-Reidling,NO,,Biogas,500,1428898,3974231,4206310,4108031,4260143,3738326
467,2011,Sierndorf,NO,,Biogas,30,3324,7364,7270,2838,0,0
468,4431,Haidershofen,NO,,Biogas,250,708551,2158549,2103887,2065912,2132770,1980321
477,3300,Amstetten,NO,,Biogas,390,227449,427247,96848,0,0,0
482,2381,Laab im Walde,NO,,Biogas,22,0,0,0,0,0,0
484,2282,Markgrafneusiedl,NO,,Biogas,350,0,0,0,1690023,3546132,2121808
489,3500,Krems an der Donau,NO,,Biogas,40,11960,19157,8422,3575,0,0
495,2640,Gloggnitz,NO,,Klärgas,70,3,69,1,8,11,242
498,3454,Zwentendorf an der Donau,NO,,Biogas,500,0,0,0,0,0,0
499,3542,Gföhl,NO,,Biogas,250,699252,2168831,2165413,2126221,2111201,2135442
503,2433,Enzersdorf an der Fischa,NO,,Biogas,625,122747,144904,1345608,5335786,5016950,5109030
512,2842,Edlitz,NO,,Biogas,75,0,0,0,0,0,0
513,2751,Wiener Neustadt,NO,,Biogas,200,6502,93495,65137,5835,60598,52592
515,3071,Böheimkirchen,NO,,Biogas,500,1451010,4379226,4381145,4319217,4405666,4378134
517,2460,Bruck an der Leitha,NO,,Klärgas,400,144637,437430,421075,79049,0,0
520,3250,Wieselburg,NO,,Klärgas,85,0,18,46,10,122,131
521,3244,Ruprechtshofen,NO,,Biogas,100,14884,103535,104069,87710,0,201640
525,3762,Ludweis-Aigen,NO,,Biogas,125,435944,1289956,1286340,1259373,1197784,1239004
527,2700,Lichtenwörth,NO,,Klärgas,746,17236,77398,97366,21811,0,0
529,3543,Jaidhof,NO,,Biogas,150,471438,1396543,1407782,1476549,1394261,1299715
541,3820,Raabs an der Thaya,NO,,Biogas,100,0,0,0,0,0,0
0,4175,Herzogsdorf,OO,,Biogas,360,1015221,3059876,3079689,3056746,3072806,3069682
1,4901,Ottnang am Hausruck,OO,,Biogas,162,0,0,0,0,0,0
3,4193,Reichenthal,OO,,Biogas,30,0,0,0,0,0,0
5,5310,Tiefgraben,OO,,Biogas,9,66,717,8298,16522,13049,13708
13,4572,St. Pankraz,OO,,Biogas,173,0,0,0,0,0,0
19,4113,St.Martin im Mühlkreis,OO,,Biogas,100,243363,779078,784305,837250,846396,800322
23,5231,Schalchen,OO,,Biogas,200,509185,1575985,1526943,1399323,1443428,1515174
27,4871,Gampern,OO,,Biogas,212,13226,48665,40199,6181,0,0
30,4221,Steyregg,OO,,Biogas,155,271608,1121139,1115106,1105761,1109984,1133492
34,4323,Münzbach,OO,,Biogas,250,684432,1829794,661474,0,690408,2046164
36,4904,Atzbach,OO,,Biogas,250,713995,2168523,2173998,2204428,2275956,2192125
48,4780,Schärding,OO,,Deponiegas,119,0,1178,1207,110,0,0
57,4904,Atzbach,OO,,Biogas,500,1251911,3606965,3440196,3915101,3945507,4029318
65,4407,Steyr,OO,,Biogas,514,66390,299180,324206,67366,0,0
66,4280,Königswiesen,OO,,Biogas,200,408371,563704,0,0,0,0
67,4501,Neuhofen an der Krems,OO,,Biogas,52.2,546,3629,3093,19,0,0
68,4481,Asten,OO,,Deponiegas,4363,0,0,0,0,0,0
69,4055,Pucking,OO,,Biogas,18,13,455,3210,554,26337,31812
70,4903,Manning,OO,,Biogas,12,10559,63604,64025,72286,51883,52795
73,4713,Kematen am Innbach,OO,,Biogas,250,654820,1767098,1978606,2012361,2044702,2035119
90,4661,Roitham am Traunfall,OO,,Biogas,138.84,231402,632274,709905,714546,870838,867685
100,4872,Neukirchen an der Vöckla,OO,,Biogas,250,892356,2308949,2194901,2519997,2591830,2175641
101,4963,Sankt Peter am Hart,OO,,Biogas,28,38144,223026,213602,177685,201611,197886
103,4655,Vorchdorf,OO,,Biogas,131,218616,798120,883538,786924,514861,540431
105,5120,Sankt Pantaleon,OO,,Biogas,200,254904,800448,844023,847882,783690,813755
106,4720,Kallham,OO,,Biogas,250,708171,2108667,2150749,2169881,2126748,2054375
110,4133,Niederkappel,OO,,Biogas,250,691200,2046709,2025147,2073467,2152366,1808467
118,4820,Bad Ischl,OO,,Deponiegas,0.75,26,108,183,21,0,0
127,4203,Altenberg bei Linz,OO,,Biogas,37.5,0,0,0,0,0,0
132,4175,Herzogsdorf,OO,,Biogas,540,902740,2251831,2399216,652198,0,0
133,4846,Redlham,OO,,Deponiegas,211.15,2156,12357,18252,0,0,0
139,4132,Lembach im Mühlkreis,OO,,Biogas,100,0,0,31436,147707,192500,288512
140,4293,Gutau,OO,,Biogas,250,366200,1880879,1918744,1808213,1905297,1873434
149,5122,Hochburg-Ach,OO,,Biogas,100,188853,421765,465542,450589,569563,531184
151,4974,Ort im Innkreis,OO,,Deponiegas,50.4,5394,21328,0,1350,0,0
161,4810,Gmunden,OO,,Biogas,5.5,0,0,0,0,0,0
164,4673,Gaspoltshofen,OO,,Biogas,520,1395185,4112713,4213634,4187924,4283952,4206132
172,4020,Linz,OO,,Deponiegas,12.5,764,4483,3800,746,0,0
173,4894,Oberhofen am Irrsee,OO,,Biogas,35,1391,3591,5753,1439,0,0
174,4724,Eschenau im Hausruckkreis,OO,,Biogas,99,213269,680579,737408,667175,765012,707600
176,4820,Bad Ischl,OO,,Klärgas,124,14235,129425,63917,105664,47181,84917
179,4240,Freistadt,OO,,Biogas,250,467856,1930185,1927797,1946103,1935993,1878803
194,4924,Waldzell,OO,,Biogas,45,0,0,0,0,0,0
197,4371,Sankt Georgen am Walde,OO,,Biogas,11,476,5853,44,0,0,0
198,4070,Pupping,OO,,Biogas,80,1920,14135,5118,3751,0,0
202,4611,Buchkirchen,OO,,Biogas,250,710069,2137972,2130592,2153200,2166571,2139432
203,4643,Pettenbach,OO,,Biogas,360,770871,2028765,2528508,0,763902,2135148
205,4614,Marchtrenk,OO,,Klärgas,370,68,4480,7809,24999,26815,24173
210,4114,Sankt Martin im Mühlkreis,OO,,Biogas,100,293541,884742,892374,852804,863844,846193
212,4892,Pfaffing,OO,,Biogas,200,548918,1647846,1626892,1628549,1630418,1637585
215,4616,Weißkirchen an der Traun,OO,,Biogas,392,0,0,0,0,0,0
228,5145,Neukirchen an der Enknach,OO,,Biogas,250,629365,1884630,1932274,1896865,1929897,2013267
229,,,OO,,Biogas,30,0,0,0,0,0,0
242,4481,Asten,OO,,Klärgas,4565,910461,3553596,2594050,2526920,3176675,0
248,4702,Wallern an der Trattnach,OO,,Biogas,60,6702,86729,184990,361888,416364,336849
257,4284,Allerheiligen im Mühlkreis,OO,,Biogas,100,90244,440015,366078,396264,433388,546978
258,5141,Moosdorf,OO,,Biogas,250,674193,2017998,1987142,2033459,2123230,1976338
266,4655,Vorchdorf,OO,,Biogas,135,2424,8485,10288,5394,0,0
269,5143,Feldkirchen bei Mattighofen,OO,,Biogas,30,12494,41668,59488,55096,52749,54152
273,4595,Waldneukirchen,OO,,Biogas,67,170047,523031,506151,525884,490599,367083
274,4980,Antiesenhofen,OO,,Deponiegas,110,0,0,0,0,0,0
282,4973,St. Martin i. I.,OO,,Biogas,1984,8050,4550,6349,1795,301170,4035324
283,4760,Raab,OO,,Biogas,500,1292851,3992999,3969662,4073403,4105539,4074472
303,4941,Mehrnbach,OO,,Biogas,330,398466,2168885,1941117,1842237,840145,2604172
308,4240,Freistadt,OO,,Deponiegas,223.4,10845,7962,31,16,0,0
310,4983,St. Georgen bei Obernberg am Inn,OO,,Biogas,330,39,94,38929,2678245,2645647,2519173
311,4600,Wels,OO,,Biogas,500,0,3615,2900,10992,12731,23335
313,4904,Atzbach,OO,,Biogas,250,615655,1741041,1858674,1928891,1958058,1715050
315,4643,Pettenbach,OO,,Biogas,250,347978,1443402,1607415,1174278,1258704,1313060
317,4980,Antiesenhofen,OO,,Deponiegas,200,0,0,0,0,0,0
322,4553,Schlierbach,OO,,Biogas,45,0,0,0,0,0,0
328,5251,Höhnhart,OO,,Deponiegas,90,175432,614571,692105,644545,656243,317148
331,4542,Nußbach,OO,,Biogas,137,0,0,0,0,0,0
334,4710,Grieskirchen,OO,,Biogas,250,693713,1956464,2060536,2074997,1890213,1954113
335,4860,Lenzing,OO,,Klärgas,320.18,44808,136588,175139,154922,0,0
344,4810,Gschwandt,OO,,Biogas,315,987,15668,5733,875,0,0
345,5310,Sankt Lorenz,OO,,Klärgas,64,902,38759,33492,4409,0,0
347,4542,Nußbach,OO,,Biogas,366,923569,2654819,2718868,2785882,2832514,2643013
352,4600,Wels,OO,,Biogas,500,0,0,0,0,0,0
355,4481,Asten,OO,,Klärgas,4364,0,0,0,0,0,0
357,4720,Pötting,OO,,Biogas,250,707645,2084109,1984559,2159955,2169009,2161205
359,4773,Eggerding,OO,,Biogas,250,689735,2054946,2112160,2141887,2224401,2168797
364,5252,Aspach,OO,,Biogas,500,1438532,4131209,4349685,4347681,4333560,4113282
365,4730,Waizenkirchen,OO,,Biogas,182.89,11415,155179,155331,38506,0,0
379,4284,Tragwein,OO,,Biogas,30,0,0,0,0,0,0
382,4722,Peuerbach,OO,,Biogas,1,0,0,0,0,0,0
386,4131,Kirchberg ob der Donau,OO,,Biogas,250,656379,2060163,1664723,2016012,2069609,2045621
387,4351,Saxen,OO,,Biogas,330,535244,2117847,2165408,2291552,2689094,2667615
394,4702,Wallern an der Trattnach,OO,,Biogas,890,337643,2194782,4102664,4533364,3806384,1561024
396,4591,Molln,OO,,Biogas,250,364834,1728702,1678221,229945,0,0
397,4882,Oberwang,OO,,Biogas,100,0,0,0,0,0,0
401,4310,Mauthausen,OO,,Deponiegas,116.845,1242,24627,23138,4625,0,0
413,4212,Kefermarkt,OO,,Biogas,10,9934,45894,43349,47239,46157,43331
419,4712,Michaelnbach,OO,,Biogas,500,1343537,3970931,4039799,4273081,4233989,4292114
420,4973,St. Martin,OO,,Biogas,280,0,0,0,0,0,0
427,4675,Weibern,OO,,Biogas,108,0,0,0,0,0,0
428,4881,Straß im Attergau,OO,,Biogas,100,292403,865642,877041,821564,870871,841428
434,4800,Attnang-Puchheim,OO,,Biogas,848.8,21470,160896,74734,3894,0,0
444,4770,Andorf,OO,,Biogas,240,272986,845042,767067,748850,792727,789236
462,5134,Schwand im Innkreis,OO,,Biogas,100,276617,819126,770175,796467,699318,715570
469,4280,Königswiesen,OO,,Biogas,358,22174,156303,0,0,0,0
470,4780,Schärding,OO,,Biogas,125.8,232,3899,6169,0,0,0
471,5122,Hochburg-Ach,OO,,Biogas,15,2411,11577,13283,5178,0,0
481,4692,Niederthalheim,OO,,Biogas,25,0,0,0,0,0,0
485,5145,Neukirchen an der Enknach,OO,,Biogas,77,0,0,0,0,0,0
492,4904,Atzbach,OO,,Biogas,500,1305450,4108914,4235922,4174560,4110813,3897468
493,4972,Utzenaich,OO,,Biogas,500,798254,4123693,3705934,3118085,995324,3789766
494,5280,Braunau am Inn,OO,,Biogas,170,62,28,11,0,0,0
496,4202,Hellmonsödt,OO,,Biogas,45.3,1587,11105,5331,6600,52531,68628
501,4600,Wels,OO,,Biogas,499,0,0,0,0,0,0
506,4931,Mettmach,OO,,Biogas,110,274077,1067987,1055491,1049609,990497,916296
508,4193,Reichenthal,OO,,Biogas,250,487116,1964070,1963132,1904614,1974721,2028783
511,4770,Andorf,OO,,Klärgas,5.5,2544,6755,8983,2425,0,0
518,4551,Ried im Traunkreis,OO,,Biogas,249,492624,1499624,765895,678779,738063,649842
523,4707,Schlüßlberg,OO,,Biogas,22,0,0,0,0,0,0
526,4655,Vorchdorf,OO,,Biogas,40,0,0,0,0,0,0
533,4642,Sattledt,OO,,Biogas,100,0,0,0,0,0,0
537,4552,Wartberg an der Krems,OO,,Klärgas,90,13403,51997,177905,99453,101432,108083
15,5550,Schwemmberg,S,,Klärgas,380,6614,396110,283595,419152,92427,12121
38,5161,Elixhausen,S,,Biogas,100,0,0,0,0,0,34355
45,5700,Zell am See,S,,Biogas,100,0,62026,657769,646126,556124,215777
46,5020,Salzburg,S,,Biogas,33,46707,68664,79008,90115,96930,102122
86,5431,Kuchl,S,,Biogas,100,253005,689636,686366,515672,837730,615019
88,5162,Obertrum am See,S,,Biogas,100,228449,733853,726172,837372,805970,756583
114,5301,Eugendorf,S,,Biogas,100,215671,246308,558284,395765,0,0
137,5452,Pfarrwerfen,S,,Klärgas,70,21481,63275,18999,2119,0,0
145,,,S,,Klärgas,800,0,0,0,0,0,0
180,5541,Altenmarkt im Pongau,S,,Biogas,100,156771,493449,498049,532270,478383,348723
181,5301,Eugendorf,S,,Biogas,111.905,5452,74628,26183,30748,1171,448955
219,5204,Straßwalchen,S,,Biogas,65,134151,524486,479834,488082,474124,441236
224,5101,Bergheim,S,,Deponiegas,1632,0,0,0,0,0,0
234,5722,Niedernsill,S,,Biogas,86,1411,5686,1422,232,0,0
236,5431,Kuchl,S,,Klärgas,110,11548,56717,49426,3948,0,0
240,5400,Hallein,S,,Biogas,999,883415,1415430,513185,0,13441,1862566
249,5091,Unken,S,,Biogas,35,182,3854,3078,332,0,0
265,5400,Hallein,S,,Biogas,2995,1977800,18103094,8591837,15120169,3000171,12776417
319,5452,Pfarrwerfen,S,,Klärgas,70,0,0,0,0,0,0
336,5113,Sankt Georgen bei Salzburg,S,,Klärgas,83,0,1835,1895,597,0,0
343,5163,Mattsee,S,,Biogas,87.5,18219,121821,163579,20977,0,0
351,5400,Hallein,S,,Biogas,37700,0,0,0,0,0,0
360,5580,Tamsweg,S,,Klärgas,35,1091,13,0,125320,12,0
363,5082,Grödig,S,,Biogas,60,0,0,0,0,0,0
408,5452,Pfarrwerfen,S,,Biogas,15,0,0,0,0,0,0
436,5101,Bergheim,S,,Biogas,401,4230,24504,11858,39088,523218,1372755
449,5071,Wals-Siezenheim,S,,Biogas,41.3,0,0,0,0,0,0
453,5753,Saalbach,S,,Klärgas,89,5341,16796,25908,10978,0,0
456,5152,Michaelbeuern,S,,Biogas,131.59,6727,61986,29468,30052,34933,25968
472,5162,Obertrum am See,S,,Biogas,60.8,5188,33512,41494,0,24,849
487,5760,Saalfelden am Steinernen Meer,S,,Klärgas,198,45739,140786,114526,74508,89750,35981
534,5550,Radstadt,S,,Klärgas,144,0,0,0,0,0,0
7,8082,Kirchbach-Zerlach,ST,,Biogas,300,650967,1772840,1955602,0,557215,2255082
53,8130,Frohnleiten,ST,,Deponiegas,511,0,0,0,0,0,0
56,8342,Gnas,ST,,Biogas,0,0,0,0,0,0,0
74,8230,HARTBERG,ST,,Biogas,280,602293,1696392,1736228,1712340,1899733,1798077
75,8424,Gabersdorf,ST,,Biogas,500,0,2189673,569834,0,1085962,4377758
78,8600,Bruck an der Mur,ST,,Klärgas,80,0,0,0,0,0,0
80,8943,Aigen im Ennstal,ST,,Biogas,100,3441,25424,27708,552,71325,265518
85,8321,St. Margarethen/Raab,ST,,Biogas,500,0,0,0,0,0,0
93,8410,Wildon,ST,,Biogas,500,128963,1605636,2159516,3633206,3586432,4153954
97,8130,Frohnleiten,ST,,Deponiegas,600,1263,17590,554771,852272,982655,419322
124,8522,Groß Sankt Florian,ST,,Biogas,500,1395736,4039644,3852973,4200125,4409430,4241371
126,8954,Mitterberg-Sankt Martin,ST,,Biogas,180,84652,306893,312067,271782,370408,175692
128,8523,Frauental/Laßnitz,ST,,Biogas,336,530661,2101164,2115779,2157217,2172514,2511480
130,8961,Großsölk,ST,,Biogas,50,0,0,0,0,0,0
142,8265,Groß Steinbach,ST,,Biogas,40,42400,99225,53079,113964,78322,107480
143,8072,Fernitz-Mellach,ST,,Biogas,210,0,0,245187,0,758153,1396744
147,8483,Deutsch Goritz,ST,,Biogas,500,1423798,4184840,4156181,4226006,3861787,4229531
148,8831,Niederwölz,ST,,Biogas,20,53547,34816,0,0,0,0
150,8522,Groß Sankt Florian,ST,,Biogas,100,209422,840714,820853,782597,818460,850969
158,8083,St. Stefan,ST,,Biogas,1800,2712641,7770659,468480,0,1777633,7931369
166,8321,St. Margarethen an der Raab,ST,,Biogas,500,0,0,0,0,809289,4075242
167,8221,KG Hofing,ST,,Biogas,114,0,0,0,0,0,0
171,8724,Spielberg,ST,,Biogas,70,458,1778,2387,624,0,0
175,8341,Paldau,ST,,Biogas,650,736706,1847154,2081764,2042980,2078026,2500370
182,8413,Ragnitz,ST,,Biogas,500,0,0,0,0,0,0
185,8211,Albersdorf-Prebuch,ST,,Biogas,100,0,0,0,0,0,0
195,8311,Markt Hartmannsdorf,ST,,Deponiegas,90,0,0,0,0,0,0
204,8101,Gratkorn,ST,,Biogas,140000,0,381971,388606,381005,361957,556323
207,8041,Graz,ST,,Deponiegas,250,0,0,0,0,0,0
211,8283,Bad Blumau,ST,,Biogas,500,1379363,3705543,4095680,4278944,4260062,4264571
216,8280,Fürstenfeld,ST,,Biogas,500,1364435,3907998,4357634,3926609,870076,4036053
239,8700,Leoben,ST,,Biogas,455,530365,2675942,3001897,2976620,3008707,2639599
243,8480,Mureck,ST,,Biogas,500,456007,1385410,1427806,1504865,1514593,1096057
264,8112,Gratwein,ST,,Biogas,14.5,0,179,3757,13610,6717,12058
275,8413,Schwarzautal,ST,,Biogas,400,697098,2799201,2776508,2846725,2797286,2770640
280,8490,Bad Radkersburg,ST,,Biogas,500,1471519,4403895,4445856,4524949,4512842,4325385
284,8583,Edelschrott,ST,,Biogas,500,733163,2673262,3037819,2486379,1910855,2028668
294,8102,Semriach,ST,,Biogas,17.3,0,0,0,0,0,0
295,8750,Judenburg,ST,,Klärgas,60,0,0,0,0,0,0
297,8786,Rottenmann,ST,,Biogas,80,0,0,0,0,0,0
299,8401,Kalsdorf b.Graz,ST,,Biogas,100,319476,950513,970633,972565,858633,785967
320,8522,Groß Sankt Florian,ST,,Biogas,30,23623,49342,57656,28751,0,0
330,8650,Kindberg,ST,,Klärgas,50,77,5633,491,0,0,0
339,8480,Mureck,ST,,Biogas,999,2488458,8239480,8289056,8413862,8194810,7890630
341,8561,Söding-Sankt Johann,ST,,Biogas,40,6974,22993,11164,4559,0,0
346,8641,Sankt Marein im Mürztal,ST,,Biogas,96,4655,5878,4454,844,0,0
353,8962,Gröbming,ST,,Biogas,43,0,0,0,0,0,4681
358,8345,Stainz bei Straden,ST,,Biogas,330,0,0,0,0,0,0
361,8341,Paldau,ST,,Biogas,500,1409354,3578763,4005960,0,669020,3698513
370,8443,Sankt Martin/Sulmtal,ST,,Deponiegas,1400,0,0,24,92,0,0
375,8081,Heiligenkreuz am Waasen,ST,,Biogas,869,0,0,0,0,0,0
381,8591,Maria Lankowitz,ST,,Biogas,64,43872,175487,187391,204299,208975,178807
383,8051,Graz,ST,,Biogas,150,59966,51714,1400,2275,0,0
426,8501,Ernstbrunn,ST,,Biogas,286,0,0,0,0,0,0
441,8271,Bad Waltersdorf,ST,,Biogas,32,0,0,0,0,0,0
443,8490,Bad Radkersburg,ST,,Biogas,500,1462184,4380789,4350184,4470296,4486481,4246384
448,8330,KG Auersbach,ST,,Biogas,100,0,0,0,0,0,0
450,8521,Wettmannstätten,ST,,Biogas,500,698561,2140273,2157413,2865521,2991024,3094753
452,8224,Hartl,ST,,Biogas,100,182323,540766,569645,610542,628697,642646
454,8700,Leoben,ST,,Klärgas,500,2580,4231,2346,3379,4971,1903
457,8492,Halbenrain,ST,,Biogas,499,455233,1387185,1657114,2668476,681736,0
460,8342,Gnas,ST,,Biogas,495,1354019,4275669,4299317,4321834,3713417,3651793
461,8480,Mureck,ST,,Biogas,500,1085525,3064521,4215776,4356196,4163047,4340230
465,8492,Halbenrain,ST,,Deponiegas,598,0,0,0,0,0,0
475,8723,Kobenz,ST,,Klärgas,330,45501,179390,132308,110949,110953,157984
486,8580,KG Rosental,ST,,Deponiegas,657,0,0,0,0,0,0
491,8410,Wildon,ST,,Klärgas,110,0,0,0,0,0,0
497,8264,Großwilfersdorf,ST,,Biogas,500,1556943,4415560,4649214,5315285,4338027,4169581
504,8756,St.Georgen/Judenburg,ST,,"	Process heat - Biogenic - unspecified",19.76,0,0,0,0,0,0
507,8130,Frohnleiten,ST,,Deponiegas,625,0,0,0,0,0,0
522,8740,Zeltweg,ST,,Biogas,500,1106079,4427151,3209660,3590435,2979216,4244439
532,8563,Ligist,ST,,Biogas,250,697268,2129356,2086047,2111084,1985443,2013281
539,8093,Sankt Peter/Ottersbach,ST,,Biogas,499,1432760,4312815,4381329,4221590,4293455,4207252
14,6353,Going am Wilden Kaiser,T,,Klärgas,95,134995,521107,457742,136211,170883,166875
16,6300,Wörgl,T,,Deponiegas,450,49227,178240,1484016,1597217,1716498,1440343
28,6322,Kirchbichl,T,,Deponiegas,500,124884,687068,1403502,321867,1368138,1407259
42,6112,Wattens,T,,Biogas,100,64490,411671,515056,505926,751351,661333
47,6306,Söll,T,,Biogas,112,8174,35736,48628,5088,0,0
51,6143,Mühlbachl,T,,Klärgas,29,0,0,0,0,0,0
54,9782,Nikolsdorf,T,,Biogas,250,318154,970799,899980,976100,1049142,968121
83,6353,Going am Wilden Kaiser,T,,Biogas,550,24172,261801,89259,0,0,0
84,6677,Schattwald,T,,Klärgas,40,0,0,36807,0,0,0
91,6167,Neustift im Stubaital,T,,Biogas,50,0,0,0,0,0,0
102,6274,Aschau im Zillertal,T,,Biogas,150,6014,16503,8712,8583,0,0
104,6341,Ebbs,T,,Klärgas,71.52,202,72917,33355,0,0,0
116,6677,Zöblen,T,,Biogas,25,0,0,0,0,0,0
119,6561,Ischgl,T,,Klärgas,25,46673,17071,0,0,0,0
120,6300,Wörgl,T,,Deponiegas,280,0,0,0,0,0,0
138,6130,Schwaz,T,,Klärgas,340,15785,65073,22486,0,0,0
152,6122,Fritzens,T,,Klärgas,330,0,0,0,0,0,0
153,6162,Mutters,T,,Biogas,30,0,0,0,0,0,0
156,6682,Vils,T,,Klärgas,86,6842,32587,30107,36300,54529,24994
162,6345,Kössen,T,,Biogas,37,15756,34359,26209,38872,28313,25137
199,6241,Radfeld,T,,Klärgas,233.3,62842,242277,217251,0,0,0
206,6426,Roppen,T,,Biogas,500,981343,2754298,2653883,2672744,2190393,1942357
217,6220,Buch in Tirol,T,,Biogas,15,1252,11306,8141,3555,2865,2191
222,6347,Rettenschöss,T,,Biogas,7,0,0,0,0,0,95
251,6020,Innsbruck,T,,Biogas,249,51195,131010,1479,569054,926157,1175543
252,6353,Going am Wilden Kaiser,T,,Biogas,550,0,0,327722,0,0,0
253,6426,Roppen,T,,Biogas,330,0,0,0,0,0,0
259,6401,Inzing,T,,Biogas,55,0,0,0,0,0,0
276,6020,Innsbruck,T,,Deponiegas,124,0,0,0,0,258782,0
289,6541,Tösens,T,,Klärgas,57,3057,21993,21875,32349,9091,1668
293,6261,Strass im Zillertal,T,,Klärgas,614,59658,712087,1093208,1525092,1316161,1031605
296,6426,Roppen,T,,Deponiegas,70,0,0,0,0,0,0
300,6345,Kössen,T,,Biogas,198,572836,1526949,1613947,1622830,1583636,1323170
325,6170,Zirl,T,,Biogas,180,10565,38198,24970,52964,84975,54398
329,6384,Waidring,T,,Biogas,30,0,0,0,0,0,0
371,9991,Dölsach,T,,Klärgas,180,12694,56011,0,0,0,0
374,6572,Flirsch,T,,Klärgas,33,3887,21124,15793,17401,13337,14930
380,6141,Schönberg im Stubaital,T,,Deponiegas,286,0,0,0,0,0,0
390,6262,Schlitters,T,,Biogas,350,753541,3043147,2831901,770788,1835786,3036655
406,6380,St Johann in Tirol,T,,Biogas,750,2108457,6490535,6509353,6072811,6373005,6179510
410,6170,Zirl,T,,Klärgas,180,10565,38198,24970,52964,84975,54398
415,6383,Erpfendorf,T,,Biogas,350,341,3006,7646,1188,0,0
416,6561,Ischgl,T,,Biogas,33,3988,2404,14041,10654,0,0
422,6020,Innsbruck,T,,Klärgas,1670,10718,110600,100907,225013,122344,121624
425,9782,Nikolsdorf,T,,Biogas,250,0,0,0,0,0,0
435,6322,Kirchbichl,T,,Biogas,500,124884,687068,1403502,321867,1368138,1407259
442,6283,Tulln,T,,Biogas,30,0,0,0,0,0,0
458,6020,Innsbruck,T,,Deponiegas,248,319690,1275006,1428563,1331474,1021741,0
459,6370,Kitzbühel,T,,Klärgas,119.24,33352,131603,94243,55255,0,0
473,6220,Buch in Tirol,T,,Biogas,100,42806,233660,250345,228174,199925,233755
474,6363,Westendorf,T,,Klärgas,65,347,253,1632,5444,0,0
478,6383,Kirchdorf in Tirol,T,,Klärgas,100,7616,66665,70580,298049,384946,262384
479,6450,Sölden,T,,Klärgas,372.8,164,1656,1512,1648,4278,2676
488,6122,Fritzens,T,,Klärgas,142,0,0,0,0,0,0
502,6213,Pertisau,T,,Biogas,30,0,0,0,0,0,0
519,6290,Mayrhofen,T,,Biogas,30,0,0,0,14446,8544,2832
528,6122,Fritzens,T,,Klärgas,637,172961,1181625,1267151,942219,496629,248640
531,6213,Pertisau,T,,Biogas,143,0,0,0,0,0,0
535,6426,Roppen,T,,Biogas,330,0,0,0,67930,225310,0
2,6890,Lustenau,V,,Biogas,500,0,0,0,9636,14394,1319893
18,6866,Andelsbuch,V,,Biogas,90,0,0,0,0,0,0
22,6841,Mäder,V,,Biogas,87,147781,331396,400207,100119,229138,338426
35,6812,Meiningen,V,,Klärgas,743,157368,338018,219738,110658,199232,163968
40,6800,Feldkirch,V,,Biogas,249,0,0,1534314,661674,0,0
55,6932,Langen bei Bregenz,V,,Biogas,25,0,0,0,0,0,0
71,6850,Dornbirn,V,,Biogas,100,415257,1415231,1682820,1324235,1326891,1349868
76,6911,Lochau,V,,Biogas,70,122827,421579,433198,420534,425769,453753
109,6820,Nenzing,V,,Biogas,330,0,0,24592,17777,0,0
121,6773,Vandans,V,,Klärgas,228,11079,47409,35136,12555,6722,4256
123,6900,Bregenz,V,,Biogas,80,0,0,0,0,0,0
125,6900,Bregenz,V,,Biogas,45,0,0,0,0,0,0
144,6830,Rankweil,V,,Biogas,65,184691,547235,513317,557332,556156,548433
157,6941,Langenegg,V,,Biogas,25,9054,46425,46203,47673,51486,38936
178,6941,Langenegg,V,,Biogas,30,100264,248338,229957,192619,170816,128189
188,6861,Alberschwende,V,,Biogas,30,0,0,0,0,0,0
193,6912,Hörbranz,V,,Biogas,45,0,0,0,0,0,0
201,6800,Feldkirch,V,,Biogas,249,0,0,0,0,371285,1046221
214,6890,Lustenau,V,,Biogas,660,696353,2041833,1424891,2113637,1969336,876408
218,6890,Lustenau,V,,Biogas,62,104601,293652,378582,291687,249354,258849
225,6800,Feldkirch,V,,Biogas,200,0,0,9200,22037,0,0
227,6934,Sulzberg,V,,Biogas,55,0,0,0,0,0,0
244,6714,Nüziders,V,,Biogas,30,0,0,0,0,33441,204382
245,6912,Hörbranz,V,,Biogas,105,275359,782873,803779,768025,791003,762365
254,6870,Bezau,V,,Klärgas,70,34872,72480,52018,20942,30965,48049
255,6844,Altach,V,,Biogas,80,107482,360930,405283,371667,362995,396459
262,6782,Silbertal,V,,Biogas,50,0,0,15,591,0,0
263,6850,Dornbirn,V,,Biogas,250,271059,182888,229084,88023,57567,193656
268,6850,Dornbirn,V,,Biogas,45,47574,153950,171951,140857,139435,166281
270,6890,Lustenau,V,,Deponiegas,500,0,0,0,9636,14394,1319893
279,6714,Nüziders,V,,Biogas,100,99927,120300,612668,200914,525209,0
285,6820,Frastanz,V,,Biogas,28,0,0,0,152501,94956,108657
301,6713,Ludesch,V,,Klärgas,801.52,110520,468191,310596,44798,29221,22612
305,6890,Lustenau,V,,Deponiegas,657,0,0,0,0,0,0
309,6866,Andelsbuch,V,,Biogas,6,0,0,0,0,0,0
314,6822,Satteins,V,,Klärgas,50,0,0,0,0,0,0
316,6900,Bregenz,V,,Biogas,80,0,0,0,0,0,0
327,6900,Bregenz,V,,Biogas,140,0,109946,1012986,1029282,1010689,1057029
338,6923,Lauterach,V,,Biogas,65,159642,424305,441332,483581,433004,419125
354,6861,Alberschwende,V,,Biogas,30,32227,97554,94145,78000,62425,62088
356,6710,Nenzing,V,,Deponiegas,280,0,0,0,0,0,0
376,6850,Dornbirn,V,,Biogas,200,0,0,0,0,0,0
384,6822,Schnifis,V,,Biogas,55,55496,168361,81027,73214,49677,65125
403,6706,Bürs,V,,Biogas,40,0,0,0,0,0,0
405,6700,Bludenz,V,,Biogas,40,0,0,0,0,0,0
424,6830,Rankweil,V,,Biogas,389,901911,2540659,2350721,2408616,2454446,2068060
430,6822,Satteins,V,,Biogas,40,33633,129702,150434,134300,149740,145990
440,6850,Dornbirn,V,,Biogas,99,197632,642652,558603,627310,635166,715028
509,6971,Hard,V,,Klärgas,320,45518,247503,84186,40057,4,3
516,6900,Möggers,V,,Biogas,90,245213,763845,698880,814580,704009,693713
536,6714,Nüziders,V,,Biogas,40,24642,83308,83973,87760,84697,103417
538,6713,Ludesch,V,,Biogas,99,0,0,135,0,0,0
540,6841,Mäder,V,,Biogas,37,0,0,0,0,0,0
543,6850,Dornbirn,V,,Biogas,45,76415,216211,171466,61677,140609,203496
9,1110,Wien,W,,Deponiegas,15150,3173652,7883920,9565851,3218950,0,0
134,1020,Wien,W,,Biogas,400,0,0,0,0,0,0
160,1110,Wien,W,,Deponiegas,15150,0,0,0,0,0,0
267,1110,Wien,W,,Deponiegas,16400,20233435,70470500,66401045,17890260,0,0
418,1220,Wien,W,,Deponiegas,920,336024,2432469,2245233,2513127,2225322,1524747
